Date,Close
2020-12-07,45.42584228515625
2020-12-08,45.44371032714844
2020-12-09,45.05064010620117
2020-12-10,45.631309509277344
2020-12-11,45.3097038269043
2020-12-14,45.074134826660156
2020-12-15,45.561519622802734
2020-12-16,45.778133392333984
2020-12-17,46.07598114013672
2020-12-18,46.02183151245117
2020-12-21,45.344905853271484
2020-12-22,44.98388671875
2020-12-23,45.444190979003906
2020-12-24,45.245628356933594
2020-12-28,45.37198257446289
2020-12-29,46.04890441894531
2020-12-30,46.662654876708984
2020-12-31,46.63557052612305
2021-01-04,46.93342208862305
2021-01-05,48.06162643432617
2021-01-06,47.65547180175781
2021-01-07,48.10675811767578
2021-01-08,49.379371643066406
2021-01-11,48.71147155761719
2021-01-12,49.1898307800293
2021-01-13,49.29814147949219
2021-01-14,49.758453369140625
2021-01-15,49.054447174072266
2021-01-19,49.866764068603516
2021-01-20,50.742252349853516
2021-01-21,50.8325080871582
2021-01-22,50.39025115966797
2021-01-25,50.76933288574219
2021-01-26,50.39927291870117
2021-01-27,49.00029754638672
2021-01-28,49.34326934814453
2021-01-29,48.11578369140625
2021-02-01,49.41547775268555
2021-02-02,50.056297302246094
2021-02-03,50.30901336669922
2021-02-04,50.327064514160156
2021-02-05,50.76029968261719
2021-02-08,50.85055923461914
2021-02-09,51.392093658447266
2021-02-10,51.572608947753906
2021-02-11,52.123172760009766
2021-02-12,52.16830062866211
2021-02-16,52.2946662902832
2021-02-17,52.31271743774414
2021-02-18,51.590667724609375
2021-02-19,51.92461395263672
2021-02-22,50.39927291870117
2021-02-23,50.624916076660156
2021-02-24,50.29999542236328
2021-02-25,49.15372848510742
2021-02-26,48.49486541748047
2021-03-01,49.7945556640625
2021-03-02,49.30717086791992
2021-03-03,49.20789337158203
2021-03-04,48.06162643432617
2021-03-05,48.58511734008789
2021-03-08,47.27639389038086
2021-03-09,48.3143424987793
2021-03-10,48.09772872924805
2021-03-11,49.61404037475586
2021-03-12,48.729530334472656
2021-03-15,48.84686279296875
2021-03-16,49.054447174072266
2021-03-17,49.11763000488281
2021-03-18,48.215065002441406
2021-03-19,48.81075668334961
2021-03-22,48.66634750366211
2021-03-23,47.7367057800293
2021-03-24,46.64459991455078
2021-03-25,46.861209869384766
2021-03-26,48.079681396484375
2021-03-29,47.74573516845703
2021-03-30,47.899166107177734
2021-03-31,48.14285659790039
2021-04-01,48.61219787597656
2021-04-05,48.80173110961914
2021-04-06,49.0724983215332
2021-04-07,48.3504524230957
2021-04-08,48.74757385253906
2021-04-09,48.3323974609375
2021-04-12,48.0435791015625
2021-04-13,48.24213790893555
2021-04-14,48.485836029052734
2021-04-15,48.92809295654297
2021-04-16,49.054447174072266
2021-04-19,48.87394332885742
2021-04-20,48.47681427001953
2021-04-21,48.774662017822266
2021-04-22,48.6031608581543
2021-04-23,49.30717086791992
2021-04-26,49.37035369873047
2021-04-27,49.34326934814453
2021-04-28,49.71332931518555
2021-04-29,49.59599304199219
2021-04-30,48.72050094604492
2021-05-03,48.72050094604492
2021-05-04,48.1699333190918
2021-05-05,48.39558410644531
2021-05-06,48.85588836669922
2021-05-07,49.361324310302734
2021-05-10,48.47681427001953
2021-05-11,48.341426849365234
2021-05-12,47.00563049316406
2021-05-13,46.942447662353516
2021-05-14,47.79086685180664
2021-05-17,47.74573516845703
2021-05-18,48.38655090332031
2021-05-19,48.24213790893555
2021-05-20,48.521934509277344
2021-05-21,47.962345123291016
2021-05-24,48.35947036743164
2021-05-25,48.837833404541016
2021-05-26,49.1988639831543
2021-05-27,49.20789337158203
2021-05-28,49.523780822753906
2021-06-01,50.5436897277832
2021-06-02,50.624916076660156
2021-06-03,50.0833854675293
2021-06-04,50.53466033935547
2021-06-07,50.28194046020508
2021-06-08,50.03824996948242
2021-06-09,49.893836975097656
2021-06-10,50.29361343383789
2021-06-11,50.121368408203125
2021-06-14,50.25735092163086
2021-06-15,49.91288375854492
2021-06-16,49.23298263549805
2021-06-17,49.504940032958984
2021-06-18,49.16046905517578
2021-06-21,49.368961334228516
2021-06-22,49.142333984375
2021-06-23,49.441490173339844
2021-06-24,49.89474868774414
2021-06-25,50.311737060546875
2021-06-28,50.3570671081543
2021-06-29,50.32080841064453
2021-06-30,49.99446487426758
2021-07-01,49.71343994140625
2021-07-02,49.6590461730957
2021-07-06,48.788787841796875
2021-07-07,48.734397888183594
2021-07-08,47.71910095214844
2021-07-09,48.544036865234375
2021-07-12,48.58935546875
2021-07-13,48.634681701660156
2021-07-14,48.84318542480469
2021-07-15,48.961021423339844
2021-07-16,48.58029556274414
2021-07-19,47.76442337036133
2021-07-20,47.91853332519531
2021-07-21,48.22674560546875
2021-07-22,48.31740188598633
2021-07-23,47.60124969482422
2021-07-26,46.69472885131836
2021-07-27,45.751956939697266
2021-07-28,46.99388885498047
2021-07-29,47.22957992553711
2021-07-30,46.77632141113281
2021-08-02,47.11173629760742
2021-08-03,47.311161041259766
2021-08-04,47.555931091308594
2021-08-05,47.4834098815918
2021-08-06,47.084537506103516
2021-08-09,47.2386474609375
2021-08-10,47.30210494995117
2021-08-11,47.42900848388672
2021-08-12,47.01201629638672
2021-08-13,46.8941650390625
2021-08-16,46.46810531616211
2021-08-17,45.61598205566406
2021-08-18,45.68850326538086
2021-08-19,44.908897399902344
2021-08-20,44.87263870239258
2021-08-23,45.55251693725586
2021-08-24,46.58595275878906
2021-08-25,46.640342712402344
2021-08-26,46.196144104003906
2021-08-27,46.76725769042969
2021-08-30,46.866973876953125
2021-08-31,47.510597229003906
2021-09-01,48.11797332763672
2021-09-02,47.90039825439453
2021-09-03,48.15422821044922
2021-09-07,48.43524932861328
2021-09-08,47.72816848754883
2021-09-09,47.63751220703125
2021-09-10,47.583126068115234
2021-09-13,47.71003723144531
2021-09-14,47.311161041259766
2021-09-15,47.30210494995117
2021-09-16,46.76725769042969
2021-09-17,46.56782150268555
2021-09-20,45.31682586669922
2021-09-21,45.652244567871094
2021-09-22,46.22335433959961
2021-09-23,46.58595275878906
2021-09-24,46.03297424316406
2021-09-27,46.332122802734375
2021-09-28,45.73382568359375
2021-09-29,45.30775833129883
2021-09-30,45.670372009277344
2021-10-01,45.62504959106445
2021-10-04,44.954219818115234
2021-10-05,45.27149963378906
2021-10-06,45.01767349243164
2021-10-07,45.89699935913086
2021-10-08,46.069236755371094
2021-10-11,45.97858428955078
2021-10-12,45.742889404296875
2021-10-13,46.37745666503906
2021-10-14,46.522499084472656
2021-10-15,47.084537506103516
2021-10-18,46.96669006347656
2021-10-19,47.592185974121094
2021-10-20,47.583126068115234
2021-10-21,47.27490997314453
2021-10-22,47.17518997192383
2021-10-25,47.419952392578125
2021-10-26,47.17518997192383
2021-10-27,46.79444885253906
2021-10-28,46.83977127075195
2021-10-29,46.15989303588867
2021-11-01,46.522499084472656
2021-11-02,46.105499267578125
2021-11-03,46.323062896728516
2021-11-04,46.21428298950195
2021-11-05,46.15989303588867
2021-11-08,46.58595275878906
2021-11-09,46.40464782714844
2021-11-10,46.21428298950195
2021-11-11,47.01201629638672
2021-11-12,47.1389274597168
2021-11-15,46.98482131958008
2021-11-16,47.04827880859375
2021-11-17,46.80352020263672
2021-11-18,46.23240661621094
2021-11-19,46.15989303588867
2021-11-22,45.78821563720703
2021-11-23,45.742889404296875
2021-11-24,45.67943572998047
2021-11-26,44.14741516113281
2021-11-29,44.31965637207031
2021-11-30,44.274330139160156
2021-12-01,44.4375
2021-12-02,44.98141098022461
2021-12-03,44.34685516357422
2021-12-06,44.69132995605469
2021-12-07,45.398414611816406
2021-12-08,45.579708099365234
2021-12-09,45.36215591430664
2021-12-10,45.398414611816406
2021-12-13,44.678443908691406
2021-12-14,44.577301025390625
2021-12-15,44.44857406616211
2021-12-16,44.50374984741211
2021-12-17,44.28306198120117
2021-12-20,43.62102508544922
2021-12-21,44.356632232666016
2021-12-22,44.56810760498047
2021-12-23,44.7979850769043
2021-12-27,45.00027084350586
2021-12-28,44.8531494140625
2021-12-29,44.65086364746094
2021-12-30,45.16238021850586
2021-12-31,44.94157791137695
2022-01-03,45.263580322265625
2022-01-04,45.107173919677734
2022-01-05,44.371185302734375
2022-01-06,44.57358932495117
2022-01-07,44.97837829589844
2022-01-10,44.97837829589844
2022-01-11,46.01797103881836
2022-01-12,46.781558990478516
2022-01-13,46.11916732788086
2022-01-14,46.10076904296875
2022-01-18,45.281986236572266
2022-01-19,45.47517776489258
2022-01-20,45.741973876953125
2022-01-21,45.07957077026367
2022-01-24,44.444786071777344
2022-01-25,44.36198806762695
2022-01-26,43.80078887939453
2022-01-27,43.294795989990234
2022-01-28,43.50638961791992
2022-01-31,44.932376861572266
2022-02-01,45.2083740234375
2022-02-02,45.13478469848633
2022-02-03,44.65637969970703
2022-02-04,44.76678466796875
2022-02-07,44.67478561401367
2022-02-08,45.107173919677734
2022-02-09,45.81556701660156
2022-02-10,45.5119743347168
2022-02-11,44.821983337402344
2022-02-14,44.509185791015625
2022-02-15,45.47517776489258
2022-02-16,45.80636978149414
2022-02-17,45.27277374267578
2022-02-18,44.821983337402344
2022-02-22,44.18718719482422
2022-02-23,43.671993255615234
2022-02-24,42.77040100097656
2022-02-25,43.56159210205078
2022-02-28,42.99119567871094
2022-03-01,42.420806884765625
2022-03-02,42.49440383911133
2022-03-03,41.89641189575195
2022-03-04,41.05001449584961
2022-03-07,39.51363754272461
2022-03-08,39.64242935180664
2022-03-09,40.76482009887695
2022-03-10,40.001224517822266
2022-03-11,39.164031982421875
2022-03-14,38.21644592285156
2022-03-15,38.27164077758789
2022-03-16,41.35361862182617
2022-03-17,41.14201736450195
2022-03-18,41.730812072753906
2022-03-21,41.086814880371094
2022-03-22,41.832008361816406
2022-03-23,41.55601119995117
2022-03-24,41.77681350708008
2022-03-25,41.44561004638672
2022-03-28,41.58361053466797
2022-03-29,42.2920036315918
2022-03-30,42.17240905761719
2022-03-31,41.5376091003418
2022-04-01,42.22760772705078
2022-04-04,42.972801208496094
2022-04-05,42.181602478027344
2022-04-06,41.62961196899414
2022-04-07,41.29841613769531
2022-04-08,41.3352165222168
2022-04-11,40.82001495361328
2022-04-12,40.691219329833984
2022-04-13,41.224815368652344
2022-04-14,40.691219329833984
2022-04-18,40.553226470947266
2022-04-19,40.3508186340332
2022-04-20,40.11162567138672
2022-04-21,39.338836669921875
2022-04-22,38.98923873901367
2022-04-25,38.70403289794922
2022-04-26,37.85765075683594
2022-04-27,38.29924392700195
2022-04-28,38.85123825073242
2022-04-29,38.98923873901367
2022-05-02,38.93403625488281
2022-05-03,39.21923065185547
2022-05-04,39.64242935180664
2022-05-05,38.17964553833008
2022-05-06,37.65524673461914
2022-05-09,36.56965637207031
2022-05-10,36.74445343017578
2022-05-11,36.48685073852539
2022-05-12,36.24766540527344
2022-05-13,37.25045394897461
2022-05-16,37.10325622558594
2022-05-17,38.0140495300293
2022-05-18,37.10325622558594
2022-05-19,37.692047119140625
2022-05-20,37.84843826293945
2022-05-23,38.13364028930664
2022-05-24,37.47124481201172
2022-05-25,37.65524673461914
2022-05-26,38.24404525756836
2022-05-27,38.68564224243164
2022-05-31,39.22843551635742
2022-06-01,38.95244216918945
2022-06-02,39.624027252197266
2022-06-03,38.98003387451172
2022-06-06,39.19163513183594
2022-06-07,39.31122589111328
2022-06-08,39.522830963134766
2022-06-09,38.58760452270508
2022-06-10,38.16080856323242
2022-06-13,36.82475662231445
2022-06-14,37.33505630493164
2022-06-15,37.8267936706543
2022-06-16,36.66703414916992
2022-06-17,36.80620193481445
2022-06-21,37.40000534057617
2022-06-22,36.73197555541992
2022-06-23,36.84331512451172
2022-06-24,37.715457916259766
2022-06-27,37.761844635009766
2022-06-28,37.5298957824707
2022-06-29,37.381446838378906
2022-06-30,37.20515823364258
2022-07-01,36.97321319580078
2022-07-05,36.685585021972656
2022-07-06,36.46290969848633
2022-07-07,37.19588088989258
2022-07-08,37.19588088989258
2022-07-11,36.20313262939453
2022-07-12,36.06395721435547
2022-07-13,35.98045349121094
2022-07-14,35.65571975708008
2022-07-15,35.841285705566406
2022-07-18,36.091793060302734
2022-07-19,36.685585021972656
2022-07-20,36.527862548828125
2022-07-21,36.94537353515625
2022-07-22,36.574249267578125
2022-07-25,36.70414352416992
2022-07-26,36.41652297973633
2022-07-27,37.09382247924805
2022-07-28,37.25155258178711
2022-07-29,37.07526779174805
2022-08-01,36.75981521606445
2022-08-02,36.58353042602539
2022-08-03,36.87114715576172
2022-08-04,37.13093566894531
2022-08-05,37.168052673339844
2022-08-08,37.214439392089844
2022-08-09,37.07526779174805
2022-08-10,37.5391731262207
2022-08-11,37.68761444091797
2022-08-12,38.086578369140625
2022-08-15,37.91029739379883
2022-08-16,37.90101623535156
2022-08-17,37.743289947509766
2022-08-18,37.5298957824707
2022-08-19,37.01960372924805
2022-08-22,36.69486618041992
2022-08-23,36.88970184326172
2022-08-24,36.88042449951172
2022-08-25,37.678340911865234
2022-08-26,37.12165451049805
2022-08-29,36.88970184326172
2022-08-30,36.45363235473633
2022-08-31,36.58353042602539
2022-09-01,36.2959098815918
2022-09-02,35.96189498901367
2022-09-06,35.53510665893555
2022-09-07,35.850563049316406
2022-09-08,35.65571975708008
2022-09-09,36.184574127197266
2022-09-12,36.72270202636719
2022-09-13,35.59077072143555
2022-09-14,35.767059326171875
2022-09-15,35.38665771484375
2022-09-16,35.061927795410156
2022-09-19,35.17325973510742
2022-09-20,34.978424072265625
2022-09-21,34.39389419555664
2022-09-22,34.226890563964844
2022-09-23,33.38258743286133
2022-09-26,32.97434616088867
2022-09-27,32.93723678588867
2022-09-28,33.224857330322266
2022-09-29,32.482608795166016
2022-09-30,32.36199951171875
2022-10-03,32.890846252441406
2022-10-04,33.96710205078125
2022-10-05,33.985660552978516
2022-10-06,33.78154373168945
2022-10-07,33.076412200927734
2022-10-10,32.61250686645508
2022-10-11,32.09292984008789
2022-10-12,32.130043029785156
2022-10-13,32.22282028198242
2022-10-14,31.7403621673584
2022-10-17,32.61250686645508
2022-10-18,32.621788024902344
2022-10-19,32.027984619140625
2022-10-20,32.23210906982422
2022-10-21,32.72384262084961
2022-10-24,31.48057746887207
2022-10-25,31.7403621673584
2022-10-26,32.25994110107422
2022-10-27,32.009429931640625
2022-10-28,31.81458854675293
2022-10-31,31.721803665161133
2022-11-01,32.306331634521484
2022-11-02,32.037261962890625
2022-11-03,32.22282028198242
2022-11-04,33.586708068847656
2022-11-07,33.605262756347656
2022-11-08,33.846492767333984
2022-11-09,33.26197052001953
2022-11-10,34.46812057495117
2022-11-11,35.405216217041016
2022-11-14,35.19181442260742
2022-11-15,35.9990119934082
2022-11-16,35.42376708984375
2022-11-17,35.488712310791016
2022-11-18,35.28459167480469
2022-11-21,34.83924865722656
2022-11-22,34.92274856567383
2022-11-23,35.21037292480469
2022-11-25,35.04336929321289
2022-11-28,34.88563919067383
2022-11-29,35.63716125488281
2022-11-30,36.66703414916992
2022-12-01,36.54641342163086
2022-12-02,36.685585021972656
2022-12-05,36.26807403564453
2022-12-06,36.221683502197266
2022-12-07,36.00828552246094
2022-12-08,36.44435119628906
2022-12-09,36.20313262939453
2022-12-12,36.091793060302734
2022-12-13,36.34988784790039
2022-12-14,36.36872482299805
2022-12-15,35.53038787841797
2022-12-16,35.634002685546875
2022-12-19,35.66225814819336
2022-12-20,35.65283966064453
2022-12-21,35.973106384277344
2022-12-22,35.65283966064453
2022-12-23,35.605743408203125
2022-12-27,36.13323211669922
2022-12-28,35.605743408203125
2022-12-29,36.19917297363281
2022-12-30,35.69994354248047
2023-01-03,36.001365661621094
2023-01-04,37.0846061706543
2023-01-05,36.9715690612793
2023-01-06,37.74397277832031
2023-01-09,38.026554107666016
2023-01-10,38.29972839355469
2023-01-11,38.45985794067383
2023-01-12,38.64824295043945
2023-01-13,38.90256881713867
2023-01-17,38.6859245300293
2023-01-18,38.42218017578125
2023-01-19,38.71417999267578
2023-01-20,39.307613372802734
2023-01-23,39.59019088745117
2023-01-24,39.61845779418945
2023-01-25,39.656131744384766
2023-01-26,40.03291320800781
2023-01-27,39.84451675415039
2023-01-30,39.04386520385742
2023-01-31,38.95908737182617
2023-02-01,39.43947982788086
2023-02-02,39.20399475097656
2023-02-03,38.506954193115234
2023-02-06,37.94178009033203
2023-02-07,38.09249496459961
2023-02-08,38.0453987121582
2023-02-09,38.224365234375
2023-02-10,37.85700225830078
2023-02-13,38.16785430908203
2023-02-14,38.10191345214844
2023-02-15,37.78165054321289
2023-02-16,37.791072845458984
2023-02-17,37.376609802246094
2023-02-21,36.905635833740234
2023-02-22,36.72666931152344
2023-02-23,36.905635833740234
2023-02-24,36.07672119140625
2023-02-27,36.26511001586914
2023-02-28,36.01078414916992
2023-03-01,36.78318405151367
2023-03-02,36.91505432128906
2023-03-03,37.2447395324707
2023-03-06,37.11287307739258
2023-03-07,36.49117660522461
2023-03-08,36.64189147949219
2023-03-09,35.831809997558594
2023-03-10,35.6434211730957
2023-03-13,35.69994354248047
2023-03-14,35.71877670288086
2023-03-15,35.10651397705078
2023-03-16,35.6434211730957
2023-03-17,35.42677307128906
2023-03-20,35.55864334106445
2023-03-21,35.878910064697266
2023-03-22,36.020206451416016
2023-03-23,36.51943588256836
2023-03-24,36.42523956298828
2023-03-27,36.2274284362793
2023-03-28,36.74550247192383
2023-03-29,36.849117279052734
2023-03-30,37.21648025512695
2023-03-31,37.16938018798828
2023-04-03,37.2447395324707
2023-04-04,37.2447395324707
2023-04-05,36.952735900878906
2023-04-06,37.103450775146484
2023-04-10,37.14112854003906
2023-04-11,37.367191314697266
2023-04-12,37.103450775146484
2023-04-13,37.61210250854492
2023-04-14,37.41429138183594
2023-04-17,37.57442092895508
2023-04-18,37.52732467651367
2023-04-19,37.150543212890625
2023-04-20,37.094024658203125
2023-04-21,36.74550247192383
2023-04-24,36.66072463989258
2023-04-25,35.973106384277344
2023-04-26,36.180335998535156
2023-04-27,36.67014694213867
2023-04-28,36.858543395996094
2023-05-01,36.73609161376953
2023-05-02,36.378143310546875
2023-05-03,36.32162857055664
2023-05-04,36.61362838745117
2023-05-05,37.103450775146484
2023-05-08,37.12228775024414
2023-05-09,36.89621353149414
2023-05-10,36.877376556396484
2023-05-11,36.74550247192383
2023-05-12,36.31220626831055
2023-05-15,36.98099136352539
2023-05-16,36.71724319458008
2023-05-17,36.88679885864258
2023-05-18,36.688987731933594
2023-05-19,36.71724319458008
2023-05-22,37.01866912841797
2023-05-23,36.4440803527832
2023-05-24,36.17091751098633
2023-05-25,36.095558166503906
2023-05-26,36.73609161376953
2023-05-30,36.31220626831055
2023-05-31,35.973106384277344
2023-06-01,36.61362838745117
2023-06-02,37.2447395324707
2023-06-05,37.235321044921875
2023-06-06,37.56500244140625
2023-06-07,37.40361785888672
2023-06-08,37.66943359375
2023-06-09,37.84030532836914
2023-06-12,37.916255950927734
2023-06-13,38.29598617553711
2023-06-14,38.58078384399414
2023-06-15,38.941532135009766
2023-06-16,38.80862808227539
2023-06-20,38.049163818359375
2023-06-21,37.86878967285156
2023-06-22,37.73588180541992
2023-06-23,37.18526840209961
2023-06-26,37.30868148803711
2023-06-27,37.68841552734375
2023-06-28,37.460575103759766
2023-06-29,37.26121520996094
2023-06-30,37.55550765991211
2023-07-03,37.97321319580078
2023-07-05,37.7453727722168
2023-07-06,36.97642135620117
2023-07-07,37.39412307739258
2023-07-10,37.42259979248047
2023-07-11,37.802337646484375
2023-07-12,38.647239685058594
2023-07-13,39.150386810302734
2023-07-14,38.93203353881836
2023-07-17,38.97951126098633
2023-07-18,38.694705963134766
2023-07-19,38.61875915527344
2023-07-20,38.333961486816406
2023-07-21,38.277000427246094
2023-07-24,38.799129486083984
2023-07-25,39.12190246582031
2023-07-26,39.3497428894043
2023-07-27,38.86558151245117
2023-07-28,39.805423736572266
2023-07-31,39.82440948486328
2023-08-01,39.321258544921875
2023-08-02,38.38142776489258
2023-08-03,38.53331756591797
2023-08-04,38.4858512878418
2023-08-07,38.42889404296875
2023-08-08,37.96372604370117
2023-08-09,38.058650970458984
2023-08-10,38.11561584472656
2023-08-11,37.55550765991211
2023-08-14,37.37513732910156
2023-08-15,36.947933197021484
2023-08-16,36.61567306518555
2023-08-17,36.70111083984375
2023-08-18,36.454288482666016
2023-08-21,36.53972625732422
2023-08-22,36.46377944946289
2023-08-23,37.04287338256836
2023-08-24,36.90047073364258
2023-08-25,36.938446044921875
2023-08-28,37.299190521240234
2023-08-29,37.77385330200195
2023-08-30,37.65044403076172
2023-08-31,37.18526840209961
2023-09-01,37.62196350097656
2023-09-05,37.31817626953125
2023-09-06,37.10932540893555
2023-09-07,36.67263412475586
2023-09-08,36.74857711791992
2023-09-11,37.204254150390625
2023-09-12,37.09033966064453
2023-09-13,37.04287338256836
2023-09-14,37.28969192504883
2023-09-15,37.147300720214844
2023-09-18,37.099830627441406
2023-09-19,36.8814811706543
2023-09-20,36.729591369628906
2023-09-21,36.093536376953125
2023-09-22,36.52073669433594
2023-09-25,36.35934829711914
2023-09-26,35.84671401977539
2023-09-27,35.9036750793457
2023-09-28,35.99860763549805
2023-09-29,36.0270881652832
2023-10-02,35.84671401977539
2023-10-03,35.37204360961914
2023-10-04,35.26762390136719
2023-10-05,35.40053176879883
2023-10-06,35.913169860839844
2023-10-09,35.74229049682617
2023-10-10,36.25492858886719
2023-10-11,36.482765197753906
2023-10-12,36.07455062866211
2023-10-13,35.941646575927734
2023-10-16,36.207462310791016
2023-10-17,36.112525939941406
2023-10-18,35.56191635131836
2023-10-19,35.35306167602539
2023-10-20,34.925865173339844
2023-10-23,34.89738082885742
2023-10-24,35.34356689453125
2023-10-25,34.878395080566406
2023-10-26,34.707523345947266
2023-10-27,34.679039001464844
2023-10-30,35.0397834777832
2023-10-31,34.84042739868164
2023-11-01,35.16320037841797
2023-11-02,35.7802619934082
2023-11-03,36.5112419128418
2023-11-06,36.805538177490234
2023-11-07,36.73908615112305
2023-11-08,36.49225997924805
2023-11-09,36.1505012512207
2023-11-10,36.40681838989258
2023-11-13,36.39732360839844
2023-11-14,37.36564636230469
2023-11-15,37.67892074584961
2023-11-16,37.31817626953125
2023-11-17,37.36564636230469
2023-11-20,37.83081817626953
2023-11-21,37.59347915649414
2023-11-22,37.517539978027344
2023-11-24,37.53652572631836
2023-11-27,37.3846321105957
2023-11-28,37.697906494140625
2023-11-29,37.47956466674805
2023-11-30,37.55550765991211
2023-12-01,37.71689224243164
2023-12-04,37.28969192504883
2023-12-05,37.06186294555664
2023-12-06,37.0143928527832
2023-12-07,37.194766998291016
2023-12-08,37.03337478637695
2023-12-11,37.2517204284668
2023-12-12,37.26121520996094
2023-12-13,37.63145446777344
2023-12-14,38.18206787109375
2023-12-15,37.95423126220703
2023-12-18,37.93524169921875
2023-12-19,38.258018493652344
2023-12-20,37.569305419921875
2023-12-21,38.27542495727539
2023-12-22,38.09164047241211
2023-12-26,38.39149475097656
2023-12-27,38.61397171020508
2023-12-28,38.9138298034668
2023-12-29,38.89448928833008
2024-01-02,38.43986129760742
2024-01-03,38.2270622253418
2024-01-04,38.101314544677734
2024-01-05,38.14967727661133
2024-01-08,38.25607681274414
2024-01-09,37.71440124511719
2024-01-10,37.62734603881836
2024-01-11,37.78211212158203
2024-01-12,37.91753005981445
2024-01-16,36.99860763549805
2024-01-17,36.4472541809082
2024-01-18,36.74711608886719
2024-01-19,37.13402557373047
2024-01-22,36.805152893066406
2024-01-23,37.12435531616211
2024-01-24,37.54029083251953
2024-01-25,37.588653564453125
2024-01-26,37.61766815185547
2024-01-29,37.63701629638672
2024-01-30,37.337158203125
2024-01-31,37.13402557373047
2024-02-01,37.491920471191406
2024-02-02,37.38552474975586
2024-02-05,37.43388748168945
2024-02-06,38.285099029541016
2024-02-07,38.33346176147461
2024-02-08,38.120662689208984
2024-02-09,38.285099029541016
2024-02-12,38.584957122802734
2024-02-13,37.859493255615234
2024-02-14,38.40116882324219
2024-02-15,38.584957122802734
2024-02-16,38.768741607666016
2024-02-20,38.82677459716797
2024-02-21,38.89448928833008
2024-02-22,39.29106903076172
2024-02-23,39.271724700927734
2024-02-26,39.09761428833008
2024-02-27,39.17499542236328
2024-02-28,38.66233825683594
2024-02-29,38.68168640136719
2024-03-01,39.1556510925293
2024-03-04,39.06859588623047
2024-03-05,38.720375061035156
2024-03-06,39.28139877319336
2024-03-07,39.52322006225586
2024-03-08,39.484527587890625
2024-03-11,39.57158279418945
2024-03-12,40.00686264038086
2024-03-13,39.8811149597168
2024-03-14,39.67798614501953
2024-03-15,39.43616485595703
2024-03-18,39.503875732421875
2024-03-19,39.31041717529297
2024-03-20,39.755367279052734
2024-03-21,39.80373764038086
2024-03-22,39.52322006225586
2024-03-25,39.55223846435547
2024-03-26,39.52322006225586
2024-03-27,39.5909309387207
2024-03-28,39.73602294921875
2024-04-01,39.80373764038086
2024-04-02,39.92947769165039
2024-04-03,39.958499908447266
2024-04-04,39.81340789794922
2024-04-05,39.90046310424805
2024-04-08,40.1616325378418
2024-04-09,40.432464599609375
2024-04-10,39.8811149597168
2024-04-11,40.1229362487793
2024-04-12,39.204017639160156
2024-04-15,38.95252227783203
2024-04-16,38.43986129760742
2024-04-17,38.41084289550781
2024-04-18,38.565608978271484
2024-04-19,38.41084289550781
2024-04-22,38.82677459716797
2024-04-23,39.14598083496094
2024-04-24,39.28139877319336
2024-04-25,39.36845779418945
2024-04-26,39.82307434082031
2024-04-29,40.209991455078125
2024-04-30,39.64896774291992
2024-05-01,39.687652587890625
2024-05-02,40.71297836303711
2024-05-03,41.08054733276367
2024-05-06,41.119239807128906
2024-05-07,40.887088775634766
2024-05-08,40.89676284790039
2024-05-09,41.02251052856445
2024-05-10,41.10956573486328
2024-05-13,41.419097900390625
2024-05-14,41.64156723022461
2024-05-15,42.086517333984375
2024-05-16,42.17357635498047
2024-05-17,42.357364654541016
2024-05-20,42.20260238647461
2024-05-21,41.94143295288086
2024-05-22,41.80601501464844
2024-05-23,41.496482849121094
2024-05-24,41.612552642822266
2024-05-28,41.55451202392578
2024-05-29,40.93545913696289
2024-05-30,40.81937789916992
2024-05-31,40.422794342041016
2024-06-03,40.8484001159668
2024-06-04,40.27770233154297
2024-06-05,40.92578125
2024-06-06,41.128910064697266
2024-06-07,40.664615631103516
2024-06-10,40.90643310546875
2024-06-11,40.77008056640625
2024-06-12,41.17914581298828
2024-06-13,41.081748962402344
2024-06-14,41.13044357299805
2024-06-17,41.39341735839844
2024-06-18,41.77326202392578
2024-06-20,41.70508575439453
2024-06-21,41.558990478515625
2024-06-24,41.558990478515625
2024-06-25,41.46159362792969
2024-06-26,41.37393569946289
2024-06-27,41.40315628051758
2024-06-28,41.481075286865234
2024-07-01,41.578468322753906
2024-07-02,41.70508575439453
2024-07-03,42.31868362426758
2024-07-05,42.493995666503906
2024-07-08,42.50373458862305
2024-07-09,42.67905044555664
2024-07-10,42.92253875732422
2024-07-11,43.1757698059082
2024-07-12,43.35108184814453
2024-07-15,42.89331817626953
2024-07-16,43.136810302734375
2024-07-17,42.4355583190918
2024-07-18,42.036231994628906
2024-07-19,41.62717056274414
2024-07-22,41.97779083251953
2024-07-23,41.607688903808594
2024-07-24,41.00382995605469
2024-07-25,40.8382568359375
2024-07-26,41.25706481933594
2024-07-29,41.12070846557617
2024-07-30,40.93565368652344
2024-07-31,41.83169937133789
2024-08-01,41.10123062133789
2024-08-02,40.516849517822266
2024-08-05,39.36757278442383
2024-08-06,39.59158706665039
2024-08-07,39.835079193115234
2024-08-08,40.74086380004883
2024-08-09,40.964874267578125
2024-08-12,41.10123062133789
2024-08-13,41.558990478515625
2024-08-14,41.33497619628906
2024-08-15,41.79273986816406
2024-08-16,42.27972412109375
2024-08-19,42.68878936767578
2024-08-20,42.357643127441406
2024-08-21,42.52321243286133
2024-08-22,41.99727249145508
2024-08-23,42.69852828979492
2024-08-26,42.33816146850586
2024-08-27,42.39659881591797
2024-08-28,42.133628845214844
2024-08-29,42.153106689453125
2024-08-30,42.24076461791992
2024-09-03,41.40315628051758
2024-09-04,41.39341735839844
2024-09-05,41.45185470581055
2024-09-06,40.692161560058594
2024-09-09,41.03305435180664
2024-09-10,40.87721633911133
2024-09-11,41.17914581298828
2024-09-12,41.52003479003906
2024-09-13,41.71482467651367
2024-09-16,41.85118103027344
2024-09-17,41.89987564086914
2024-09-18,41.753780364990234
2024-09-19,42.64009094238281
2024-09-20,42.55242919921875
2024-09-23,42.88357925415039
2024-09-24,44.344520568847656
2024-09-25,43.877017974853516
2024-09-26,45.48405838012695
2024-09-27,45.39640426635742
2024-09-30,44.665931701660156
2024-10-01,44.98733901977539
2024-10-02,45.8736457824707
2024-10-03,45.32822799682617
2024-10-04,45.74702835083008
2024-10-07,46.12687683105469
2024-10-08,44.98733901977539
2024-10-09,44.74384689331055
2024-10-10,44.83150100708008
2024-10-11,45.15291213989258
2024-10-14,44.967857360839844
2024-10-15,44.01337432861328
2024-10-16,44.35426330566406
2024-10-17,44.28609085083008
2024-10-18,44.724365234375
2024-10-21,44.41270065307617
2024-10-22,44.315303802490234
2024-10-23,44.05233383178711
2024-10-24,43.98415756225586
2024-10-25,43.94519805908203
2024-10-28,44.139991760253906
2024-10-29,44.003639221191406
2024-10-30,43.575096130371094
2024-10-31,43.29264450073242
2024-11-01,43.33160400390625
2024-11-04,43.575096130371094
2024-11-05,44.16920852661133
2024-11-06,43.6237907409668
2024-11-07,44.5880126953125
2024-11-08,43.4874382019043
2024-11-11,43.15629196166992
2024-11-12,42.33816146850586
2024-11-13,42.06544876098633
2024-11-14,41.83169937133789
2024-11-15,41.83169937133789
2024-11-18,42.30894088745117
2024-11-19,42.27972412109375
2024-11-20,42.23102569580078
2024-11-21,42.143367767333984
2024-11-22,42.153106689453125
2024-11-25,42.18232727050781
2024-11-26,42.007015228271484
2024-11-27,42.06544876098633
2024-11-29,42.133628845214844
2024-12-02,42.29920196533203
2024-12-03,42.38685989379883
2024-12-04,42.493995666503906
2024-12-05,42.77643966674805
2024-12-06,42.7082633972168
2024-12-09,43.58483123779297
2024-12-10,42.88357925415039
2024-12-11,43.05889129638672
2024-12-12,42.84462356567383
2024-12-13,42.88357925415039
2024-12-16,42.64982986450195
2024-12-17,42.54781723022461
2024-12-18,41.557411193847656
2024-12-19,41.696067810058594
2024-12-20,41.864437103271484
2024-12-23,42.102134704589844
2024-12-24,42.23088836669922
2024-12-26,42.08232879638672
2024-12-27,41.89414978027344
2024-12-30,41.557411193847656
2024-12-31,41.41875457763672
2025-01-02,41.35932922363281
2025-01-03,41.74559020996094
2025-01-06,41.89414978027344
2025-01-07,41.59702682495117
2025-01-08,41.39894485473633
2025-01-10,40.69575881958008
2025-01-13,40.4184455871582
2025-01-14,40.8740348815918
2025-01-15,41.408851623535156
2025-01-16,41.35932922363281
2025-01-17,41.68616485595703
2025-01-21,42.1318473815918
2025-01-22,42.16156005859375
2025-01-23,42.260597229003906
2025-01-24,42.53791427612305
2025-01-27,41.76539611816406
2025-01-28,42.07242202758789
2025-01-29,42.08232879638672
2025-01-30,42.79541778564453
2025-01-31,42.310123443603516
2025-02-03,42.00309371948242
2025-02-04,42.755802154541016
2025-02-05,42.64685821533203
2025-02-06,42.82513427734375
2025-02-07,42.78551483154297
2025-02-10,43.3005256652832
2025-02-11,43.13215637207031
2025-02-12,43.36985397338867
2025-02-13,43.64716720581055
2025-02-14,43.98390579223633
2025-02-18,44.2612190246582
2025-02-19,44.191890716552734
2025-02-20,44.597957611083984
2025-02-21,44.46920394897461
2025-02-24,43.785823822021484
2025-02-25,43.81553649902344
2025-02-26,44.25131607055664
2025-02-27,43.38966369628906
2025-02-28,42.79541778564453
2025-03-03,42.4190673828125
2025-03-04,42.77560806274414
2025-03-05,44.0532341003418
2025-03-06,43.77592086791992
2025-03-07,43.99380874633789
2025-03-10,42.9439811706543
2025-03-11,43.3005256652832
2025-03-12,43.53822326660156
2025-03-13,43.359947204589844
2025-03-14,44.15227508544922
2025-03-17,44.90498352050781
2025-03-18,44.677188873291016
2025-03-19,44.786136627197266
2025-03-20,44.37016296386719
2025-03-21,44.15227508544922
2025-03-24,44.3503532409668
2025-03-25,44.22160339355469
2025-03-26,43.954193115234375
2025-03-27,44.172080993652344
2025-03-28,43.35004806518555
2025-03-31,43.28071975708008
2025-04-01,43.419376373291016
2025-04-02,43.47880172729492
2025-04-03,42.55772399902344
2025-04-04,40.19065475463867
2025-04-07,38.69514083862305
2025-04-08,38.15041732788086
2025-04-09,40.7947998046875
2025-04-10,40.091609954833984
2025-04-11,41.34942626953125
2025-04-14,41.72578048706055
2025-04-15,41.68616485595703
2025-04-16,41.20086669921875
2025-04-17,41.51779556274414
2025-04-21,41.50789260864258
2025-04-22,42.1318473815918
2025-04-23,42.61714553833008
2025-04-24,43.11234664916992
2025-04-25,43.03311538696289
2025-04-28,43.11234664916992
2025-04-29,43.231197357177734
2025-04-30,43.34014129638672
2025-05-01,43.330238342285156
2025-05-02,44.56824493408203
2025-05-05,44.90498352050781
2025-05-06,44.72671127319336
2025-05-07,44.21169662475586
2025-05-08,44.18198776245117
2025-05-09,44.47910690307617
2025-05-12,45.43980407714844
2025-05-13,45.5190315246582
2025-05-14,45.86567687988281
2025-05-15,45.84586715698242
2025-05-16,45.81615447998047
2025-05-19,45.91519546508789
2025-05-20,45.86567687988281
2025-05-21,45.746826171875
2025-05-22,45.5982666015625
2025-05-23,45.786441802978516
2025-05-27,45.67749786376953
2025-05-28,45.469512939453125
2025-05-29,45.63788604736328
2025-05-30,45.083255767822266
2025-06-02,45.41008758544922
2025-06-03,45.5190315246582
2025-06-04,46.08356475830078
2025-06-05,46.32126235961914
2025-06-06,46.46982192993164
2025-06-09,46.86598587036133
2025-06-10,47.13339614868164
2025-06-11,47.331478118896484
2025-06-12,47.41070556640625
2025-06-13,46.65800094604492
2025-06-16,47.22999954223633
2025-06-17,46.61000061035156
2025-06-18,46.599998474121094
2025-06-20,46.33000183105469
2025-06-23,46.709999084472656
2025-06-24,47.91999816894531
2025-06-25,47.959999084472656
2025-06-26,48.279998779296875
2025-06-27,48.09000015258789
2025-06-30,48.2400016784668
2025-07-01,48.33000183105469
2025-07-02,48.540000915527344
2025-07-03,48.7599983215332
2025-07-07,48.06999969482422
2025-07-08,48.369998931884766
2025-07-09,48.290000915527344
2025-07-10,48.41999816894531
2025-07-11,48.2599983215332
2025-07-14,48.33000183105469
2025-07-15,48.68000030517578
2025-07-16,48.90999984741211
2025-07-17,49.189998626708984
2025-07-18,49.08000183105469
2025-07-21,49.400001525878906
2025-07-22,49.43000030517578
2025-07-23,49.93000030517578
2025-07-24,49.65999984741211
2025-07-25,49.5099983215332
2025-07-28,49.18000030517578
2025-07-29,49.20000076293945
2025-07-30,48.84000015258789
2025-07-31,48.560001373291016
2025-08-01,48.20000076293945
2025-08-04,48.70000076293945
2025-08-05,48.84000015258789
2025-08-06,49.06999969482422
2025-08-07,49.47999954223633
2025-08-08,49.439998626708984
2025-08-11,49.29999923706055
2025-08-12,49.900001525878906
2025-08-13,50.5
2025-08-14,49.880001068115234
2025-08-15,49.939998626708984
2025-08-18,50.22999954223633
2025-08-19,49.81999969482422
2025-08-20,49.75
2025-08-21,49.63999938964844
2025-08-22,50.630001068115234
2025-08-25,50.34000015258789
2025-08-26,50.209999084472656
2025-08-27,49.90999984741211
2025-08-28,50.099998474121094
2025-08-29,49.86000061035156
2025-09-02,49.81999969482422
2025-09-03,50.0099983215332
2025-09-04,49.849998474121094
2025-09-05,50.45000076293945
2025-09-08,50.90999984741211
2025-09-09,51.189998626708984
2025-09-10,51.540000915527344
2025-09-11,52.290000915527344
2025-09-12,52.2599983215332
2025-09-15,52.63999938964844
2025-09-16,53.029998779296875
2025-09-17,53.2599983215332
2025-09-18,53.130001068115234
2025-09-19,53.0099983215332
2025-09-22,53.27000045776367
2025-09-23,53.29999923706055
2025-09-24,53.119998931884766
2025-09-25,52.810001373291016
2025-09-26,52.709999084472656
2025-09-29,53.189998626708984
2025-09-30,53.400001525878906
2025-10-01,53.81999969482422
2025-10-02,54.06999969482422
2025-10-03,54.22999954223633
2025-10-06,54.47999954223633
2025-10-07,54.060001373291016
2025-10-08,54.4900016784668
2025-10-09,53.93000030517578
2025-10-10,51.939998626708984
2025-10-13,53.45000076293945
2025-10-14,52.970001220703125
2025-10-15,53.84000015258789
2025-10-16,54.189998626708984
2025-10-17,54.18000030517578
2025-10-20,54.91999816894531
2025-10-21,54.310001373291016
2025-10-22,54.2599983215332
2025-10-23,54.7400016784668
2025-10-24,55.099998474121094
2025-10-27,55.709999084472656
2025-10-28,55.689998626708984
2025-10-29,56.0099983215332
2025-10-30,55.43000030517578
2025-10-31,55.29999923706055
2025-11-03,55.650001525878906
2025-11-04,54.630001068115234
2025-11-05,55.119998931884766
2025-11-06,54.709999084472656
2025-11-07,54.54999923706055
2025-11-10,55.5099983215332
2025-11-11,55.56999969482422
2025-11-12,55.58000183105469
2025-11-13,54.93000030517578
2025-11-14,54.959999084472656
2025-11-17,54.310001373291016
2025-11-18,54.040000915527344
2025-11-19,53.849998474121094
2025-11-20,53.11000061035156
2025-11-21,53.099998474121094
2025-11-24,53.65999984741211
2025-11-25,53.849998474121094
2025-11-26,54.2400016784668
2025-11-28,54.31999969482422
2025-12-01,54.279998779296875
2025-12-02,54.29999923706055
2025-12-03,54.34000015258789
2025-12-04,54.33000183105469
2025-12-05,54.7400016784668
